Timestamp,User Count,Type,Name,Requests/s,Failures/s,50%,66%,75%,80%,90%,95%,98%,99%,99.9%,99.99%,100%,Total Request Count,Total Failure Count,Total Median Response Time,Total Average Response Time,Total Min Response Time,Total Max Response Time,Total Average Content Size
1787218430,0,,Aggregated,0.000000,0.000000,N/A,N/A,N/A,N/A,N/A,N/A,N/A,N/A,N/A,N/A,N/A,0,0,0,0.0,0,0,0
1787218431,25,,Aggregated,0.000000,0.000000,N/A,N/A,N/A,N/A,N/A,N/A,N/A,N/A,N/A,N/A,N/A,0,0,0,0.0,0,0,0
1787218432,50,,Aggregated,0.000000,0.000000,N/A,N/A,N/A,N/A,N/A,N/A,N/A,N/A,N/A,N/A,N/A,0,0,0,0.0,0,0,0
1787218433,50,,Aggregated,0.000000,0.000000,N/A,N/A,N/A,N/A,N/A,N/A,N/A,N/A,N/A,N/A,N/A,0,0,0,0.0,0,0,0
1787218434,50,POST,short,0.000000,0.000000,0,0,0,0,0,0,0,0,0,0,0,4,0,3700,3686.497225018684,3495.4050999949686,3752.7800000389107,968.25
1787218434,50,,Aggregated,0.000000,0.000000,3800,3800,3800,3800,3800,3800,3800,3800,3800,3800,3800,4,0,3700,3686.497225018684,3495.4050999949686,3752.7800000389107,968.25
1787218435,50,POST,short,0.000000,0.000000,4500,4700,4700,4700,4700,4700,4700,4700,4700,4700,4700,8,0,3800,4186.1019500065595,3495.4050999949686,4744.5961000048555,978.25
1787218435,50,,Aggregated,0.000000,0.000000,4500,4700,4700,4700,4700,4700,4700,4700,4700,4700,4700,8,0,3800,4186.1019500065595,3495.4050999949686,4744.5961000048555,978.25
1787218436,50,POST,short,0.250000,0.000000,4700,5500,5600,5600,5800,5800,5800,5800,5800,5800,5800,12,0,4700,4678.606716673433,3495.4050999949686,5778.585400024895,965.9166666666666
1787218436,50,,Aggregated,0.250000,0.000000,4700,4700,5600,5600,5800,5800,5800,5800,5800,5800,5800,12,0,4700,4678.606716673433,3495.4050999949686,5778.585400024895,965.9166666666666
1787218437,50,POST,short,1.000000,0.000000,5500,5800,5800,6500,6700,6900,6900,6900,6900,6900,6900,15,0,4700,5078.592100002182,3495.4050999949686,6868.29429998761,960.0666666666667
1787218437,50,,Aggregated,1.000000,0.000000,4700,5600,5800,6500,6700,6900,6900,6900,6900,6900,6900,15,0,4700,5078.592100002182,3495.4050999949686,6868.29429998761,960.0666666666667
1787218438,50,POST,long-rag,0.000000,0.000000,0,0,0,0,0,0,0,0,0,0,0,2,0,7800,7891.823999991175,7798.573700012639,7985.07429996971,1069.5
1787218438,50,POST,short,1.666667,0.000000,5500,5800,5800,6500,6700,6900,6900,6900,6900,6900,6900,15,0,4700,5078.592100002182,3495.4050999949686,6868.29429998761,960.0666666666667
1787218438,50,,Aggregated,1.666667,0.000000,5500,5800,6500,6700,7800,8000,8000,8000,8000,8000,8000,17,0,5500,5409.560558824416,3495.4050999949686,7985.07429996971,972.9411764705883
1787218439,50,POST,long-rag,0.000000,0.000000,0,0,0,0,0,0,0,0,0,0,0,4,0,8000,8244.111349980813,7798.573700012639,8769.811099977233,1112.25
1787218439,50,POST,short,2.000000,0.000000,5600,5800,6700,6700,8800,9000,9000,9000,9000,9000,9000,17,0,5500,5529.839364709059,3495.4050999949686,9007.535099983215,958.1764705882352
1787218439,50,,Aggregated,2.000000,0.000000,5800,6700,7800,8000,8800,8800,9000,9000,9000,9000,9000,21,0,5800,6046.843552379869,3495.4050999949686,9007.535099983215,987.5238095238095
1787218440,50,POST,long-rag,0.000000,0.000000,8800,8800,8800,8800,8800,8800,8800,8800,8800,8800,8800,4,0,8000,8244.111349980813,7798.573700012639,8769.811099977233,1112.25
1787218440,50,POST,short,1.875000,0.000000,5800,6700,8800,9000,9800,9800,9800,9800,9800,9800,9800,20,0,5600,6152.487895000377,3495.4050999949686,9814.68589999713,961.45
1787218440,50,,Aggregated,1.875000,0.000000,6500,7800,8800,8800,9400,9800,9800,9800,9800,9800,9800,24,0,5800,6501.091804163782,3495.4050999949686,9814.68589999713,986.5833333333334
1787218441,50,POST,long-rag,0.333333,0.000000,11000,11000,11000,11000,11000,11000,11000,11000,11000,11000,11000,5,0,8400,8800.602159986738,7798.573700012639,11026.56540001044,1124.0
1787218441,50,POST,short,1.666667,0.000000,6500,8800,9400,9400,9800,9800,9900,9900,9900,9900,9900,23,0,5800,6606.66789565205,3495.4050999949686,9866.553800005931,960.8260869565217
1787218441,50,,Aggregated,2.000000,0.000000,6900,8800,9400,9400,9800,9900,11000,11000,11000,11000,11000,28,0,6700,6998.441871426102,3495.4050999949686,11026.56540001044,989.9642857142857
1787218442,50,POST,long-rag,0.400000,0.000000,11000,11000,11000,11000,11000,11000,11000,11000,11000,11000,11000,5,0,8400,8800.602159986738,7798.573700012639,11026.56540001044,1124.0
1787218442,50,POST,short,1.800000,0.000000,6700,9400,9600,9800,10000,11000,11000,11000,11000,11000,11000,26,0,6500,7079.860865384734,3495.4050999949686,10906.29660000559,956.1538461538462
1787218442,50,,Aggregated,2.200000,0.000000,8000,9000,9600,9800,11000,11000,11000,11000,11000,11000,11000,31,0,7800,7357.399783868928,3495.4050999949686,11026.56540001044,983.2258064516129
1787218443,50,POST,long-rag,0.400000,0.000000,11000,11000,11000,11000,11000,11000,11000,11000,11000,11000,11000,6,0,8400,9246.952299989061,7798.573700012639,11478.703000000678,1125.8333333333333
1787218443,50,POST,short,2.200000,0.000000,8800,9600,9900,10000,11000,12000,12000,12000,12000,12000,12000,29,0,6900,7564.01999310213,3495.4050999949686,12023.332499957178,960.3103448275862
1787218443,50,,Aggregated,2.600000,0.000000,8800,9600,9900,11000,11000,12000,12000,12000,12000,12000,12000,35,0,8400,7852.522674282746,3495.4050999949686,12023.332499957178,988.6857142857143
1787218444,50,POST,long-rag,0.400000,0.000000,11000,11000,11000,11000,11000,11000,11000,11000,11000,11000,11000,6,0,8400,9246.952299989061,7798.573700012639,11478.703000000678,1125.8333333333333
1787218444,50,POST,short,2.200000,0.000000,9400,9900,11000,11000,12000,13000,13000,13000,13000,13000,13000,31,0,8800,7888.186783869675,3495.4050999949686,12588.949400000274,962.6774193548387
1787218444,50,,Aggregated,2.600000,0.000000,9400,9900,11000,11000,12000,13000,13000,13000,13000,13000,13000,37,0,8800,8108.527137834982,3495.4050999949686,12588.949400000274,989.1351351351351
1787218445,50,POST,long-rag,0.600000,0.000000,13000,13000,14000,14000,14000,14000,14000,14000,14000,14000,14000,9,0,11000,10749.026511103795,7798.573700012639,14024.500200001057,1101.6666666666667
1787218445,50,POST,short,2.700000,0.000000,9800,11000,11000,12000,13000,13000,14000,14000,14000,14000,14000,32,0,8800,8070.670512499419,3495.4050999949686,13727.666100021452,963.125
1787218445,50,,Aggregated,3.300000,0.000000,9800,11000,12000,12000,13000,14000,14000,14000,14000,14000,14000,41,0,9000,8658.60231707111,3495.4050999949686,14024.500200001057,993.5365853658536
1787218446,50,POST,long-rag,0.600000,0.000000,13000,14000,14000,14000,15000,15000,15000,15000,15000,15000,15000,10,0,11000,11153.942749992711,7798.573700012639,14798.188899992965,1085.9
1787218446,50,POST,short,3.000000,0.000000,11000,12000,13000,13000,15000,15000,15000,15000,15000,15000,15000,34,0,9000,8467.651355881519,3495.4050999949686,15011.253600008786,961.9117647058823
1787218446,50,,Aggregated,3.600000,0.000000,11000,12000,13000,14000,15000,15000,15000,15000,15000,15000,15000,44,0,9400,9078.172127270425,3495.4050999949686,15011.253600008786,990.0909090909091
1787218447,50,POST,long-rag,0.700000,0.000000,14000,14000,15000,15000,16000,16000,16000,16000,16000,16000,16000,11,0,11000,11550.834654539358,7798.573700012639,15519.753700005822,1091.2727272727273
1787218447,50,POST,short,2.600000,0.000000,11000,13000,14000,15000,15000,16000,16000,16000,16000,16000,16000,37,0,9400,9058.786727025526,3495.4050999949686,16020.925800024997,961.7837837837837
1787218447,50,,Aggregated,3.300000,0.000000,11000,13000,14000,15000,15000,16000,16000,16000,16000,16000,16000,48,0,9600,9629.881043747446,3495.4050999949686,16020.925800024997,991.4583333333334
1787218448,50,POST,long-rag,0.900000,0.000000,14000,14000,15000,15000,16000,16000,16000,16000,16000,16000,16000,11,0,11000,11550.834654539358,7798.573700012639,15519.753700005822,1091.2727272727273
1787218448,50,POST,short,2.300000,0.000000,12000,14000,15000,15000,16000,16000,17000,17000,17000,17000,17000,41,0,9800,9641.841239024738,3495.4050999949686,16523.616400023457,961.0975609756098
1787218448,50,,Aggregated,3.200000,0.000000,13000,14000,15000,15000,16000,16000,17000,17000,17000,17000,17000,52,0,9800,10045.666769229752,3495.4050999949686,16523.616400023457,988.6346153846154
1787218449,50,POST,long-rag,1.100000,0.000000,13000,14000,14000,15000,16000,16000,16000,16000,16000,16000,16000,12,0,11000,11705.28068332836,7798.573700012639,15519.753700005822,1079.9166666666667
1787218449,50,POST,short,2.100000,0.000000,13000,14000,15000,15000,16000,16000,17000,17000,17000,17000,17000,45,0,9900,9987.60894888805,3495.4050999949686,16523.616400023457,959.1333333333333
1787218449,50,,Aggregated,3.200000,0.000000,13000,14000,15000,15000,16000,16000,17000,17000,17000,17000,17000,57,0,11000,10349.224050875484,3495.4050999949686,16523.616400023457,984.561403508772
1787218450,50,POST,long-rag,1.100000,0.000000,14000,14000,15000,15000,16000,16000,16000,16000,16000,16000,16000,12,0,11000,11705.28068332836,7798.573700012639,15519.753700005822,1079.9166666666667
1787218450,50,POST,short,2.400000,0.000000,13000,14000,15000,15000,16000,16000,17000,17000,17000,17000,17000,49,0,11000,10278.727171428225,3495.4050999949686,16523.616400023457,961.8571428571429
1787218450,50,,Aggregated,3.500000,0.000000,13000,14000,15000,15000,16000,16000,17000,17000,17000,17000,17000,61,0,11000,10559.360649179072,3495.4050999949686,16523.616400023457,985.0819672131148
1787218451,50,POST,long-rag,0.800000,0.000000,14000,14000,15000,15000,16000,16000,16000,16000,16000,16000,16000,12,0,11000,11705.28068332836,7798.573700012639,15519.753700005822,1079.9166666666667
1787218451,50,POST,short,2.800000,0.000000,14000,14000,15000,15000,16000,16000,17000,17000,17000,17000,17000,51,0,11000,10403.775358822553,3495.4050999949686,16523.616400023457,961.3921568627451
1787218451,50,,Aggregated,3.600000,0.000000,14000,14000,15000,15000,16000,16000,17000,17000,17000,17000,17000,63,0,11000,10651.681134918897,3495.4050999949686,16523.616400023457,983.968253968254
1787218452,50,POST,long-rag,0.800000,0.000000,14000,14000,15000,15000,16000,16000,16000,16000,16000,16000,16000,14,0,13000,12089.333114280764,7798.573700012639,15519.753700005822,1095.642857142857
1787218452,50,POST,short,2.800000,0.000000,14000,14000,15000,15000,16000,16000,17000,17000,17000,17000,17000,53,0,11000,10493.348154716,3495.4050999949686,16523.616400023457,962.0566037735849
1787218452,50,,Aggregated,3.600000,0.000000,14000,14000,15000,15000,16000,16000,17000,17000,17000,17000,17000,67,0,12000,10826.83754925192,3495.4050999949686,16523.616400023457,989.9701492537314
1787218453,50,POST,long-rag,0.800000,0.000000,14000,15000,15000,15000,16000,16000,16000,16000,16000,16000,16000,14,0,13000,12089.333114280764,7798.573700012639,15519.753700005822,1095.642857142857
1787218453,50,POST,short,2.700000,0.000000,13000,14000,14000,15000,16000,16000,17000,17000,17000,17000,17000,56,0,12000,10637.700317855759,3495.4050999949686,16523.616400023457,962.0535714285714
1787218453,50,,Aggregated,3.500000,0.000000,14000,14000,15000,15000,16000,16000,17000,17000,17000,17000,17000,70,0,12000,10928.02687714076,3495.4050999949686,16523.616400023457,988.7714285714286
1787218454,50,POST,long-rag,0.800000,0.000000,14000,15000,15000,15000,16000,16000,16000,16000,16000,16000,16000,14,0,13000,12089.333114280764,7798.573700012639,15519.753700005822,1095.642857142857
1787218454,50,POST,short,2.700000,0.000000,14000,14000,15000,15000,16000,16000,17000,17000,17000,17000,17000,59,0,13000,10767.74460508417,3495.4050999949686,16523.616400023457,963.6779661016949
1787218454,50,,Aggregated,3.500000,0.000000,14000,14000,15000,15000,16000,16000,17000,17000,17000,17000,17000,73,0,13000,11021.199935615025,3495.4050999949686,16523.616400023457,988.986301369863
1787218455,50,POST,long-rag,0.800000,0.000000,14000,15000,15000,15000,16000,16000,16000,16000,16000,16000,16000,16,0,13000,12286.916774995916,7798.573700012639,15519.753700005822,1088.8125
1787218455,50,POST,short,2.700000,0.000000,13000,14000,14000,15000,16000,16000,17000,17000,17000,17000,17000,61,0,13000,10837.065436065266,3495.4050999949686,16523.616400023457,963.9508196721312
1787218455,50,,Aggregated,3.500000,0.000000,13000,14000,15000,15000,16000,16000,17000,17000,17000,17000,17000,77,0,13000,11138.333246752154,3495.4050999949686,16523.616400023457,989.8961038961039
1787218456,50,POST,long-rag,0.800000,0.000000,14000,15000,15000,15000,16000,16000,16000,16000,16000,16000,16000,16,0,13000,12286.916774995916,7798.573700012639,15519.753700005822,1088.8125
1787218456,50,POST,short,2.700000,0.000000,13000,14000,14000,14000,16000,16000,17000,17000,17000,17000,17000,64,0,13000,10966.074604686582,3495.4050999949686,16523.616400023457,964.203125
1787218456,50,,Aggregated,3.500000,0.000000,13000,14000,14000,14000,16000,16000,17000,17000,17000,17000,17000,80,0,13000,11230.24303874845,3495.4050999949686,16523.616400023457,989.125
1787218457,50,POST,long-rag,0.800000,0.000000,14000,14000,15000,15000,15000,15000,15000,15000,15000,15000,15000,17,0,13000,12428.9846764672,7798.573700012639,15519.753700005822,1089.8823529411766
1787218457,50,POST,short,2.900000,0.000000,13000,14000,14000,14000,14000,14000,14000,14000,14000,14000,14000,65,0,13000,11010.786501536719,3495.4050999949686,16523.616400023457,964.6769230769231
1787218457,50,,Aggregated,3.700000,0.000000,13000,14000,14000,14000,14000,15000,15000,15000,15000,15000,15000,82,0,13000,11304.80319633938,3495.4050999949686,16523.616400023457,990.6341463414634
1787218458,50,POST,long-rag,0.700000,0.000000,14000,14000,15000,15000,15000,15000,15000,15000,15000,15000,15000,18,0,13000,12540.38610555128,7798.573700012639,15519.753700005822,1092.611111111111
1787218458,50,POST,short,2.900000,0.000000,13000,13000,14000,14000,14000,14000,14000,14000,14000,14000,14000,67,0,13000,11081.118910446583,3495.4050999949686,16523.616400023457,963.7910447761194
1787218458,50,,Aggregated,3.600000,0.000000,13000,14000,14000,14000,14000,15000,15000,15000,15000,15000,15000,85,0,13000,11390.140198821695,3495.4050999949686,16523.616400023457,991.0705882352942
1787218459,50,POST,long-rag,0.500000,0.000000,14000,14000,15000,15000,15000,15000,15000,15000,15000,15000,15000,20,0,14000,12716.702549994807,7798.573700012639,15519.753700005822,1092.95
1787218459,50,POST,short,2.900000,0.000000,13000,13000,14000,14000,14000,14000,14000,14000,14000,14000,14000,69,0,13000,11153.22792608598,3495.4050999949686,16523.616400023457,964.4782608695652
1787218459,50,,Aggregated,3.400000,0.000000,13000,14000,14000,14000,14000,15000,15000,15000,15000,15000,15000,89,0,13000,11504.570538200323,3495.4050999949686,16523.616400023457,993.3483146067416
1787218460,50,POST,long-rag,0.700000,0.000000,14000,15000,15000,15000,15000,15000,15000,15000,15000,15000,15000,20,0,14000,12716.702549994807,7798.573700012639,15519.753700005822,1092.95
1787218460,50,POST,short,2.600000,0.000000,13000,13000,14000,14000,14000,14000,14000,14000,14000,14000,14000,73,0,13000,11266.785620546689,3495.4050999949686,16523.616400023457,963.2876712328767
1787218460,50,,Aggregated,3.300000,0.000000,13000,14000,14000,14000,14000,15000,15000,15000,15000,15000,15000,93,0,13000,11578.595712901124,3495.4050999949686,16523.616400023457,991.1720430107526
1787218461,50,POST,long-rag,0.800000,0.000000,14000,15000,15000,15000,15000,15000,15000,15000,15000,15000,15000,20,0,14000,12716.702549994807,7798.573700012639,15519.753700005822,1092.95
1787218461,50,POST,short,2.500000,0.000000,13000,13000,13000,14000,14000,14000,14000,14000,14000,14000,14000,77,0,13000,11366.85389740084,3495.4050999949686,16523.616400023457,963.9090909090909
1787218461,50,,Aggregated,3.300000,0.000000,13000,14000,14000,14000,14000,15000,15000,15000,15000,15000,15000,97,0,13000,11645.17320721403,3495.4050999949686,16523.616400023457,990.5154639175257
1787218462,50,POST,long-rag,0.800000,0.000000,14000,15000,15000,15000,15000,15000,15000,15000,15000,15000,15000,21,0,14000,12791.695252376874,7798.573700012639,15519.753700005822,1095.5238095238096
1787218462,50,POST,short,2.500000,0.000000,13000,14000,14000,14000,14000,14000,14000,14000,14000,14000,14000,80,0,13000,11461.801093748363,3495.4050999949686,16523.616400023457,963.625
1787218462,50,,Aggregated,3.300000,0.000000,13000,14000,14000,14000,14000,15000,15000,15000,15000,15000,15000,101,0,13000,11738.313740591915,3495.4050999949686,16523.616400023457,991.049504950495
1787218463,50,POST,long-rag,0.800000,0.000000,14000,14000,15000,15000,15000,15000,15000,15000,15000,15000,15000,21,0,14000,12791.695252376874,7798.573700012639,15519.753700005822,1095.5238095238096
1787218463,50,POST,short,2.500000,0.000000,13000,14000,14000,14000,14000,14000,15000,15000,15000,15000,15000,83,0,13000,11553.40397108279,3495.4050999949686,16523.616400023457,962.6746987951807
1787218463,50,,Aggregated,3.300000,0.000000,14000,14000,14000,14000,14000,15000,15000,15000,15000,15000,15000,104,0,13000,11803.443556728711,3495.4050999949686,16523.616400023457,989.5
1787218464,50,POST,long-rag,0.800000,0.000000,14000,14000,15000,15000,15000,15000,15000,15000,15000,15000,15000,21,0,14000,12791.695252376874,7798.573700012639,15519.753700005822,1095.5238095238096
1787218464,50,POST,short,2.600000,0.000000,14000,14000,14000,14000,14000,14000,15000,15000,15000,15000,15000,87,0,13000,11652.2434436771,3495.4050999949686,16523.616400023457,963.3103448275862
1787218464,50,,Aggregated,3.400000,0.000000,14000,14000,14000,14000,14000,15000,15000,15000,15000,15000,15000,108,0,13000,11873.803517590944,3495.4050999949686,16523.616400023457,989.0185185185185
1787218465,50,POST,long-rag,0.700000,0.000000,14000,15000,15000,15000,15000,15000,15000,15000,15000,15000,15000,22,0,14000,12880.501509085827,7798.573700012639,15519.753700005822,1097.9545454545455
1787218465,50,POST,short,2.700000,0.000000,14000,14000,14000,14000,14000,14000,15000,15000,15000,15000,15000,88,0,13000,11679.735527271325,3495.4050999949686,16523.616400023457,963.6022727272727
1787218465,50,,Aggregated,3.400000,0.000000,14000,14000,14000,14000,15000,15000,15000,15000,15000,15000,15000,110,0,13000,11919.888723634225,3495.4050999949686,16523.616400023457,990.4727272727273
1787218466,50,POST,long-rag,0.700000,0.000000,15000,15000,15000,15000,15000,15000,15000,15000,15000,15000,15000,23,0,14000,12954.252860865698,7798.573700012639,15519.753700005822,1099.695652173913
1787218466,50,POST,short,2.700000,0.000000,14000,14000,14000,14000,14000,14000,15000,15000,15000,15000,15000,91,0,13000,11750.076185712964,3495.4050999949686,16523.616400023457,964.2857142857143
1787218466,50,,Aggregated,3.400000,0.000000,14000,14000,14000,14000,15000,15000,15000,15000,15000,15000,15000,114,0,13000,11993.024111401674,3495.4050999949686,16523.616400023457,991.6052631578947
1787218467,50,POST,long-rag,0.600000,0.000000,15000,15000,15000,15000,15000,15000,15000,15000,15000,15000,15000,23,0,14000,12954.252860865698,7798.573700012639,15519.753700005822,1099.695652173913
1787218467,50,POST,short,2.700000,0.000000,14000,14000,14000,14000,14000,14000,15000,15000,15000,15000,15000,95,0,13000,11829.189492630969,3495.4050999949686,16523.616400023457,965.5157894736842
1787218467,50,,Aggregated,3.300000,0.000000,14000,14000,14000,14000,15000,15000,15000,15000,15000,15000,15000,118,0,13000,12048.4815050835,3495.4050999949686,16523.616400023457,991.6694915254237
1787218468,50,POST,long-rag,0.700000,0.000000,14000,15000,15000,15000,15000,15000,15000,15000,15000,15000,15000,24,0,14000,12971.444770829597,7798.573700012639,15519.753700005822,1093.5833333333333
1787218468,50,POST,short,2.700000,0.000000,14000,14000,14000,14000,14000,14000,15000,15000,15000,15000,15000,98,0,13000,11882.429957142152,3495.4050999949686,16523.616400023457,965.4897959183673
1787218468,50,,Aggregated,3.400000,0.000000,14000,14000,14000,14000,14000,15000,15000,15000,15000,15000,15000,122,0,13000,12096.662379506895,3495.4050999949686,16523.616400023457,990.688524590164
1787218469,50,POST,long-rag,0.700000,0.000000,14000,14000,15000,15000,15000,15000,15000,15000,15000,15000,15000,25,0,14000,13023.69815199636,7798.573700012639,15519.753700005822,1098.6
1787218469,50,POST,short,2.900000,0.000000,14000,14000,14000,14000,14000,14000,15000,15000,15000,15000,15000,99,0,13000,11907.584222221765,3495.4050999949686,16523.616400023457,965.2020202020202
1787218469,50,,Aggregated,3.600000,0.000000,14000,14000,14000,14000,14000,15000,15000,15000,15000,15000,15000,124,0,13000,12132.607191934385,3495.4050999949686,16523.616400023457,992.0967741935484
1787218470,50,POST,long-rag,0.500000,0.000000,14000,15000,15000,15000,15000,15000,15000,15000,15000,15000,15000,25,0,14000,13023.69815199636,7798.573700012639,15519.753700005822,1098.6
1787218470,50,POST,short,3.100000,0.000000,14000,14000,14000,14000,14000,14000,15000,15000,15000,15000,15000,103,0,13000,11983.7509058252,3495.4050999949686,16523.616400023457,965.5145631067961
1787218470,50,,Aggregated,3.600000,0.000000,14000,14000,14000,14000,14000,15000,15000,15000,15000,15000,15000,128,0,13000,12186.865602343005,3495.4050999949686,16523.616400023457,991.5078125
1787218471,50,POST,long-rag,0.600000,0.000000,14000,15000,15000,15000,15000,15000,15000,15000,15000,15000,15000,25,0,14000,13023.69815199636,7798.573700012639,15519.753700005822,1098.6
1787218471,50,POST,short,3.000000,0.000000,14000,14000,14000,14000,14000,14000,15000,15000,15000,15000,15000,107,0,13000,12034.32254859836,3495.4050999949686,16523.616400023457,965.5420560747664
1787218471,50,,Aggregated,3.600000,0.000000,14000,14000,14000,14000,14000,15000,15000,15000,15000,15000,15000,132,0,13000,12221.704291666163,3495.4050999949686,16523.616400023457,990.7424242424242
1787218472,50,POST,long-rag,0.500000,0.000000,14000,14000,15000,15000,15000,15000,15000,15000,15000,15000,15000,26,0,14000,13051.876003842783,7798.573700012639,15519.753700005822,1099.576923076923
1787218472,50,POST,short,3.100000,0.000000,14000,14000,14000,14000,14000,14000,15000,15000,15000,15000,15000,111,0,13000,12072.760430631346,3495.4050999949686,16523.616400023457,964.1981981981982
1787218472,50,,Aggregated,3.600000,0.000000,14000,14000,14000,14000,14000,15000,15000,15000,15000,15000,15000,137,0,13000,12258.577984671472,3495.4050999949686,16523.616400023457,989.8905109489051
1787218473,50,POST,long-rag,0.500000,0.000000,14000,15000,15000,15000,15000,15000,15000,15000,15000,15000,15000,26,0,14000,13051.876003842783,7798.573700012639,15519.753700005822,1099.576923076923
1787218473,50,POST,short,3.100000,0.000000,14000,14000,14000,14000,14000,14000,14000,14000,14000,14000,14000,115,0,13000,12108.04357478375,3495.4050999949686,16523.616400023457,965.2086956521739
1787218473,50,,Aggregated,3.600000,0.000000,14000,14000,14000,14000,14000,15000,15000,15000,15000,15000,15000,141,0,13000,12282.083597163428,3495.4050999949686,16523.616400023457,989.9858156028369
1787218474,50,POST,long-rag,0.500000,0.000000,14000,14000,15000,15000,15000,15000,15000,15000,15000,15000,15000,27,0,14000,13060.842122218606,7798.573700012639,15519.753700005822,1094.148148148148
1787218474,50,POST,short,3.100000,0.000000,14000,14000,14000,14000,14000,14000,14000,14000,14000,14000,14000,117,0,13000,12123.68360427447,3495.4050999949686,16523.616400023457,965.4102564102565
1787218474,50,,Aggregated,3.600000,0.000000,14000,14000,14000,14000,14000,15000,15000,15000,15000,15000,15000,144,0,13000,12299.400826388995,3495.4050999949686,16523.616400023457,989.5486111111111
1787218475,50,POST,long-rag,0.500000,0.000000,14000,14000,15000,15000,15000,15000,15000,15000,15000,15000,15000,28,0,14000,13095.237524997045,7798.573700012639,15519.753700005822,1096.142857142857
1787218475,50,POST,short,3.100000,0.000000,13000,14000,14000,14000,14000,14000,14000,14000,14000,14000,14000,120,0,13000,12135.876101667722,3495.4050999949686,16523.616400023457,964.95
1787218475,50,,Aggregated,3.600000,0.000000,14000,14000,14000,14000,14000,14000,14000,14000,14000,14000,14000,148,0,13000,12317.376911486783,3495.4050999949686,16523.616400023457,989.7702702702703
1787218476,50,POST,long-rag,0.500000,0.000000,14000,14000,14000,14000,14000,14000,14000,14000,14000,14000,14000,29,0,14000,13100.836675858993,7798.573700012639,15519.753700005822,1091.7241379310344
1787218476,50,POST,short,3.000000,0.000000,13000,14000,14000,14000,14000,14000,14000,14000,14000,14000,14000,122,0,13000,12152.98655819812,3495.4050999949686,16523.616400023457,965.3032786885246
1787218476,50,,Aggregated,3.500000,0.000000,13000,14000,14000,14000,14000,14000,14000,14000,14000,14000,14000,151,0,13000,12335.023998013783,3495.4050999949686,16523.616400023457,989.5827814569536
1787218477,50,POST,long-rag,0.700000,0.000000,14000,14000,14000,14000,14000,14000,14000,14000,14000,14000,14000,31,0,14000,13159.2241258045,7798.573700012639,15519.753700005822,1088.6129032258063
1787218477,50,POST,short,3.000000,0.000000,13000,14000,14000,14000,14000,14000,14000,14000,14000,14000,14000,124,0,13000,12177.551251614557,3495.4050999949686,16523.616400023457,965.5
1787218477,50,,Aggregated,3.700000,0.000000,13000,14000,14000,14000,14000,14000,14000,14000,14000,14000,14000,155,0,13000,12373.885826452544,3495.4050999949686,16523.616400023457,990.1225806451613
1787218478,50,POST,long-rag,0.500000,0.000000,14000,14000,14000,14000,14000,14000,14000,14000,14000,14000,14000,31,0,14000,13159.2241258045,7798.573700012639,15519.753700005822,1088.6129032258063
1787218478,50,POST,short,3.200000,0.000000,13000,14000,14000,14000,14000,14000,14000,14000,14000,14000,14000,127,0,13000,12203.174986615759,3495.4050999949686,16523.616400023457,965.4566929133858
1787218478,50,,Aggregated,3.700000,0.000000,13000,14000,14000,14000,14000,14000,14000,14000,14000,14000,14000,158,0,13000,12390.754248102157,3495.4050999949686,16523.616400023457,989.620253164557
1787218479,50,POST,long-rag,0.600000,0.000000,14000,14000,14000,14000,15000,15000,15000,15000,15000,15000,15000,33,0,14000,13227.75472727054,7798.573700012639,15519.753700005822,1087.4545454545455
1787218479,50,POST,short,2.900000,0.000000,13000,13000,13000,14000,14000,14000,14000,14000,14000,14000,14000,128,0,13000,12205.876794532742,3495.4050999949686,16523.616400023457,964.8359375
1787218479,50,,Aggregated,3.500000,0.000000,13000,13000,14000,14000,14000,14000,15000,15000,15000,15000,15000,161,0,13000,12415.330035404464,3495.4050999949686,16523.616400023457,989.9689440993789
1787218480,50,POST,long-rag,0.800000,0.000000,14000,14000,14000,14000,15000,15000,15000,15000,15000,15000,15000,33,0,14000,13227.75472727054,7798.573700012639,15519.753700005822,1087.4545454545455
1787218480,50,POST,short,2.800000,0.000000,13000,13000,13000,13000,14000,14000,14000,14000,14000,14000,14000,131,0,13000,12226.163457253528,3495.4050999949686,16523.616400023457,965.5267175572519
1787218480,50,,Aggregated,3.600000,0.000000,13000,13000,13000,14000,14000,14000,15000,15000,15000,15000,15000,164,0,13000,12427.703164025244,3495.4050999949686,16523.616400023457,990.060975609756
1787218481,50,POST,long-rag,0.600000,0.000000,14000,14000,14000,14000,15000,15000,15000,15000,15000,15000,15000,34,0,14000,13255.85893234957,7798.573700012639,15519.753700005822,1088.8235294117646
1787218481,50,POST,short,2.900000,0.000000,13000,13000,13000,13000,14000,14000,14000,14000,14000,14000,14000,134,0,13000,12244.796304479189,3495.4050999949686,16523.616400023457,965.3507462686567
1787218481,50,,Aggregated,3.500000,0.000000,13000,13000,13000,14000,14000,14000,15000,15000,15000,15000,15000,168,0,13000,12449.416122024386,3495.4050999949686,16523.616400023457,990.3392857142857
1787218482,50,POST,long-rag,0.800000,0.000000,14000,14000,14000,14000,15000,15000,15000,15000,15000,15000,15000,35,0,14000,13249.362928568318,7798.573700012639,15519.753700005822,1084.8
1787218482,50,POST,short,2.700000,0.000000,13000,13000,13000,13000,13000,14000,14000,14000,14000,14000,14000,137,0,13000,12261.640610950013,3495.4050999949686,16523.616400023457,965.4890510948906
1787218482,50,,Aggregated,3.500000,0.000000,13000,13000,13000,14000,14000,14000,15000,15000,15000,15000,15000,172,0,13000,12462.63061744211,3495.4050999949686,16523.616400023457,989.7674418604652
1787218483,50,POST,long-rag,0.800000,0.000000,14000,14000,14000,14000,15000,15000,15000,15000,15000,15000,15000,35,0,14000,13249.362928568318,7798.573700012639,15519.753700005822,1084.8
1787218483,50,POST,short,2.800000,0.000000,13000,13000,13000,13000,13000,14000,14000,14000,14000,14000,14000,141,0,13000,12282.766792199538,3495.4050999949686,16523.616400023457,965.5744680851063
1787218483,50,,Aggregated,3.600000,0.000000,13000,13000,13000,14000,14000,14000,15000,15000,15000,15000,15000,176,0,13000,12474.987614772876,3495.4050999949686,16523.616400023457,989.2840909090909
1787218484,50,POST,long-rag,0.800000,0.000000,14000,14000,14000,14000,15000,15000,15000,15000,15000,15000,15000,35,0,14000,13249.362928568318,7798.573700012639,15519.753700005822,1084.8
1787218484,50,POST,short,2.700000,0.000000,13000,13000,13000,13000,13000,14000,14000,14000,14000,14000,14000,144,0,13000,12291.625717362169,3495.4050999949686,16523.616400023457,965.8402777777778
1787218484,50,,Aggregated,3.500000,0.000000,13000,13000,13000,13000,14000,14000,15000,15000,15000,15000,15000,179,0,13000,12478.892769832646,3495.4050999949686,16523.616400023457,989.1005586592179
1787218485,50,POST,long-rag,0.900000,0.000000,14000,14000,14000,14000,15000,15000,15000,15000,15000,15000,15000,36,0,14000,13278.952080552699,7798.573700012639,15519.753700005822,1087.9722222222222
1787218485,50,POST,short,2.600000,0.000000,13000,13000,13000,13000,13000,14000,14000,14000,14000,14000,14000,147,0,13000,12301.47081496769,3495.4050999949686,16523.616400023457,966.1700680272108
1787218485,50,,Aggregated,3.500000,0.000000,13000,13000,13000,14000,14000,14000,15000,15000,15000,15000,15000,183,0,13000,12493.762211476216,3495.4050999949686,16523.616400023457,990.1311475409836
1787218486,50,POST,long-rag,0.900000,0.000000,14000,14000,14000,14000,15000,15000,15000,15000,15000,15000,15000,36,0,14000,13278.952080552699,7798.573700012639,15519.753700005822,1087.9722222222222
1787218486,50,POST,short,2.700000,0.000000,13000,13000,13000,13000,13000,14000,14000,14000,14000,14000,14000,151,0,13000,12317.321184769717,3495.4050999949686,16523.616400023457,966.4701986754967
1787218486,50,,Aggregated,3.600000,0.000000,13000,13000,13000,13000,14000,14000,15000,15000,15000,15000,15000,187,0,13000,12502.44798823596,3495.4050999949686,16523.616400023457,989.8609625668449
1787218487,50,POST,long-rag,0.700000,0.000000,14000,14000,14000,14000,15000,15000,15000,15000,15000,15000,15000,36,0,14000,13278.952080552699,7798.573700012639,15519.753700005822,1087.9722222222222
1787218487,50,POST,short,2.800000,0.000000,13000,13000,13000,13000,13000,13000,14000,14000,14000,14000,14000,155,0,13000,12339.02816258168,3495.4050999949686,16523.616400023457,966.3290322580646
1787218487,50,,Aggregated,3.500000,0.000000,13000,13000,13000,13000,14000,14000,15000,15000,15000,15000,15000,191,0,13000,12516.1865973825,3495.4050999949686,16523.616400023457,989.2565445026178
1787218488,50,POST,long-rag,0.800000,0.000000,14000,14000,14000,15000,15000,15000,15000,15000,15000,15000,15000,36,0,14000,13278.952080552699,7798.573700012639,15519.753700005822,1087.9722222222222
1787218488,50,POST,short,2.700000,0.000000,13000,13000,13000,13000,13000,13000,14000,14000,14000,14000,14000,157,0,13000,12344.771366242756,3495.4050999949686,16523.616400023457,966.5796178343949
1787218488,50,,Aggregated,3.500000,0.000000,13000,13000,13000,13000,14000,14000,15000,15000,15000,15000,15000,193,0,13000,12519.02269119176,3495.4050999949686,16523.616400023457,989.2227979274611
1787218489,50,POST,long-rag,0.700000,0.000000,14000,14000,14000,14000,15000,15000,15000,15000,15000,15000,15000,38,0,14000,13305.070560523554,7798.573700012639,15519.753700005822,1092.578947368421
1787218489,50,POST,short,3.000000,0.000000,13000,13000,13000,13000,13000,13000,14000,14000,14000,14000,14000,160,0,13000,12362.220205625636,3495.4050999949686,16523.616400023457,965.8875
1787218489,50,,Aggregated,3.700000,0.000000,13000,13000,13000,13000,14000,14000,14000,14000,14000,14000,14000,198,0,13000,12543.171283838368,3495.4050999949686,16523.616400023457,990.2020202020202
